[
  {
    "value": "ส้ม",
    "synonyms": [
      "ส้ม",
      "ส้มเขียวหวาน",
      "ส้มเช้ง"
    ]
  },
  {
    "value": "กล้วย",
    "synonyms": [
      "กล้วย",
      "กล้วยหอม",
      "กล้วยน้ำหว้า",
      "กล้วยเล็บมือนาง",
      "เล็บมือนาง"
    ]
  },
  {
    "value": "มะม่วง",
    "synonyms": [
      "มะม่วง",
      "เขียวสเวย",
      "เขียวเสวย",
      "น้ำดอกไม้",
      "มะม่วงเขียวเสวย",
      "มะม่วงน้ำดอกไม้"
    ]
  },
  {
    "value": "แตงโม",
    "synonyms": [
      "แตงโม"
    ]
  }
]